qiymet,otaqlar,sahe,mertebe,erazi,sheher,gun ve vaxt,parsed_at
120 000,2 otaqlı,48 m²,15/15 mərtəbə,İnşaatçılar m.,Bakı,bugün 13:36,2026-07-15 13:37:11.367635
400 000,2 otaqlı,76 m²,5/6 mərtəbə,Nardaran q.,Bakı,bugün 13:35,2026-07-15 13:37:11.368016
1 400 000,5 otaqlı,280 m²,10/12 mərtəbə,Nizami m.,Bakı,bugün 13:35,2026-07-15 13:37:11.368325
250 614,2 otaqlı,81.9 m²,4/14 mərtəbə,Sea Breeze q.,Bakı,bugün 13:35,2026-07-15 13:37:11.368619
180 /gün,4 otaqlı,108 m²,,İsmayıllı,İsmayıllı,bugün 13:33,2026-07-15 13:37:11.368897
275 000,5 otaqlı,275 m²,,Albalılıq q.,Bakı,bugün 13:33,2026-07-15 13:37:11.369178
4 500 /ay,240 m²,,,Ağ şəhər q.,Bakı,bugün 13:31,2026-07-15 13:37:11.369453
495 000,4 otaqlı,141 m²,2/2 mərtəbə,Nizami m.,Bakı,bugün 13:31,2026-07-15 13:37:11.369741
500 /gün,6 otaqlı,700 m²,,Nardaran q.,Bakı,bugün 13:31,2026-07-15 13:37:11.370013
309 468,2 otaqlı,88.8 m²,8/24 mərtəbə,Nardaran q.,Bakı,bugün 13:30,2026-07-15 13:37:11.370289
340 000,12 sot,,,Şüvəlan q.,Bakı,bugün 13:30,2026-07-15 13:37:11.370555
360 000,2 otaqlı,65 m²,2/8 mərtəbə,Sea Breeze q.,Bakı,bugün 13:30,2026-07-15 13:37:11.370842
225 000,3 otaqlı,65 m²,2/3 mərtəbə,Nəsimi r.,Bakı,bugün 13:30,2026-07-15 13:37:11.371138
280 000,4 otaqlı,148.5 m²,1/6 mərtəbə,Həzi Aslanov m.,Bakı,bugün 13:29,2026-07-15 13:37:11.371431
4 500 /ay,200 m²,,,Gənclik m.,Bakı,bugün 13:28,2026-07-15 13:37:11.371830
825 000,3 otaqlı,135 m²,4/5 mərtəbə,Sea Breeze q.,Bakı,bugün 13:28,2026-07-15 13:37:11.372356
360 443,2 otaqlı,77.1 m²,1/9 mərtəbə,Sea Breeze q.,Bakı,bugün 13:28,2026-07-15 13:37:11.372908
670 000,200 m²,,,İnşaatçılar m.,Bakı,bugün 13:27,2026-07-15 13:37:11.373482
187 500,2 otaqlı,55 m²,3/3 mərtəbə,Sahil m.,Bakı,bugün 13:27,2026-07-15 13:37:11.374230
150 /gün,3 otaqlı,110 m²,,Mərdəkan q.,Bakı,bugün 13:26,2026-07-15 13:37:11.374731
800 /ay,2 otaqlı,58 m²,11/17 mərtəbə,Gənclik m.,Bakı,bugün 13:24,2026-07-15 13:37:11.375209
520 000,4 otaqlı,300 m²,,Mərdəkan q.,Bakı,bugün 13:23,2026-07-15 13:37:11.375720
700 /ay,2 otaqlı,90 m²,13/19 mərtəbə,Həzi Aslanov m.,Bakı,bugün 13:21,2026-07-15 13:37:11.378949
146 000,20.2 m²,,,Şah İsmayıl Xətai m.,Bakı,bugün 13:21,2026-07-15 13:37:11.379488
120 000,2 otaqlı,48 m²,15/15 mərtəbə,İnşaatçılar m.,Bakı,bugün 13:36,2026-07-15 13:37:16.246965
400 000,2 otaqlı,76 m²,5/6 mərtəbə,Nardaran q.,Bakı,bugün 13:35,2026-07-15 13:37:16.247276
1 400 000,5 otaqlı,280 m²,10/12 mərtəbə,Nizami m.,Bakı,bugün 13:35,2026-07-15 13:37:16.247780
250 614,2 otaqlı,81.9 m²,4/14 mərtəbə,Sea Breeze q.,Bakı,bugün 13:35,2026-07-15 13:37:16.248334
180 /gün,4 otaqlı,108 m²,,İsmayıllı,İsmayıllı,bugün 13:33,2026-07-15 13:37:16.248821
275 000,5 otaqlı,275 m²,,Albalılıq q.,Bakı,bugün 13:33,2026-07-15 13:37:16.249324
4 500 /ay,240 m²,,,Ağ şəhər q.,Bakı,bugün 13:31,2026-07-15 13:37:16.249829
495 000,4 otaqlı,141 m²,2/2 mərtəbə,Nizami m.,Bakı,bugün 13:31,2026-07-15 13:37:16.250355
500 /gün,6 otaqlı,700 m²,,Nardaran q.,Bakı,bugün 13:31,2026-07-15 13:37:16.250890
309 468,2 otaqlı,88.8 m²,8/24 mərtəbə,Nardaran q.,Bakı,bugün 13:30,2026-07-15 13:37:16.251401
340 000,12 sot,,,Şüvəlan q.,Bakı,bugün 13:30,2026-07-15 13:37:16.251867
360 000,2 otaqlı,65 m²,2/8 mərtəbə,Sea Breeze q.,Bakı,bugün 13:30,2026-07-15 13:37:16.252366
225 000,3 otaqlı,65 m²,2/3 mərtəbə,Nəsimi r.,Bakı,bugün 13:30,2026-07-15 13:37:16.252850
280 000,4 otaqlı,148.5 m²,1/6 mərtəbə,Həzi Aslanov m.,Bakı,bugün 13:29,2026-07-15 13:37:16.253350
4 500 /ay,200 m²,,,Gənclik m.,Bakı,bugün 13:28,2026-07-15 13:37:16.253836
825 000,3 otaqlı,135 m²,4/5 mərtəbə,Sea Breeze q.,Bakı,bugün 13:28,2026-07-15 13:37:16.254276
360 443,2 otaqlı,77.1 m²,1/9 mərtəbə,Sea Breeze q.,Bakı,bugün 13:28,2026-07-15 13:37:16.254662
670 000,200 m²,,,İnşaatçılar m.,Bakı,bugün 13:27,2026-07-15 13:37:16.255142
187 500,2 otaqlı,55 m²,3/3 mərtəbə,Sahil m.,Bakı,bugün 13:27,2026-07-15 13:37:16.255607
150 /gün,3 otaqlı,110 m²,,Mərdəkan q.,Bakı,bugün 13:26,2026-07-15 13:37:16.256054
800 /ay,2 otaqlı,58 m²,11/17 mərtəbə,Gənclik m.,Bakı,bugün 13:24,2026-07-15 13:37:16.256364
520 000,4 otaqlı,300 m²,,Mərdəkan q.,Bakı,bugün 13:23,2026-07-15 13:37:16.256688
700 /ay,2 otaqlı,90 m²,13/19 mərtəbə,Həzi Aslanov m.,Bakı,bugün 13:21,2026-07-15 13:37:16.256980
146 000,20.2 m²,,,Şah İsmayıl Xətai m.,Bakı,bugün 13:21,2026-07-15 13:37:16.257280
120 000,2 otaqlı,48 m²,15/15 mərtəbə,İnşaatçılar m.,Bakı,bugün 13:36,2026-07-15 13:37:21.063129
400 000,2 otaqlı,76 m²,5/6 mərtəbə,Nardaran q.,Bakı,bugün 13:35,2026-07-15 13:37:21.063373
1 400 000,5 otaqlı,280 m²,10/12 mərtəbə,Nizami m.,Bakı,bugün 13:35,2026-07-15 13:37:21.063594
250 614,2 otaqlı,81.9 m²,4/14 mərtəbə,Sea Breeze q.,Bakı,bugün 13:35,2026-07-15 13:37:21.063802
180 /gün,4 otaqlı,108 m²,,İsmayıllı,İsmayıllı,bugün 13:33,2026-07-15 13:37:21.064010
275 000,5 otaqlı,275 m²,,Albalılıq q.,Bakı,bugün 13:33,2026-07-15 13:37:21.064231
4 500 /ay,240 m²,,,Ağ şəhər q.,Bakı,bugün 13:31,2026-07-15 13:37:21.064445
495 000,4 otaqlı,141 m²,2/2 mərtəbə,Nizami m.,Bakı,bugün 13:31,2026-07-15 13:37:21.064653
500 /gün,6 otaqlı,700 m²,,Nardaran q.,Bakı,bugün 13:31,2026-07-15 13:37:21.064862
309 468,2 otaqlı,88.8 m²,8/24 mərtəbə,Nardaran q.,Bakı,bugün 13:30,2026-07-15 13:37:21.065081
340 000,12 sot,,,Şüvəlan q.,Bakı,bugün 13:30,2026-07-15 13:37:21.065290
360 000,2 otaqlı,65 m²,2/8 mərtəbə,Sea Breeze q.,Bakı,bugün 13:30,2026-07-15 13:37:21.065498
225 000,3 otaqlı,65 m²,2/3 mərtəbə,Nəsimi r.,Bakı,bugün 13:30,2026-07-15 13:37:21.065705
280 000,4 otaqlı,148.5 m²,1/6 mərtəbə,Həzi Aslanov m.,Bakı,bugün 13:29,2026-07-15 13:37:21.065918
4 500 /ay,200 m²,,,Gənclik m.,Bakı,bugün 13:28,2026-07-15 13:37:21.066125
825 000,3 otaqlı,135 m²,4/5 mərtəbə,Sea Breeze q.,Bakı,bugün 13:28,2026-07-15 13:37:21.066332
360 443,2 otaqlı,77.1 m²,1/9 mərtəbə,Sea Breeze q.,Bakı,bugün 13:28,2026-07-15 13:37:21.066532
670 000,200 m²,,,İnşaatçılar m.,Bakı,bugün 13:27,2026-07-15 13:37:21.066740
187 500,2 otaqlı,55 m²,3/3 mərtəbə,Sahil m.,Bakı,bugün 13:27,2026-07-15 13:37:21.066963
150 /gün,3 otaqlı,110 m²,,Mərdəkan q.,Bakı,bugün 13:26,2026-07-15 13:37:21.067173
800 /ay,2 otaqlı,58 m²,11/17 mərtəbə,Gənclik m.,Bakı,bugün 13:24,2026-07-15 13:37:21.067502
520 000,4 otaqlı,300 m²,,Mərdəkan q.,Bakı,bugün 13:23,2026-07-15 13:37:21.067856
700 /ay,2 otaqlı,90 m²,13/19 mərtəbə,Həzi Aslanov m.,Bakı,bugün 13:21,2026-07-15 13:37:21.068174
146 000,20.2 m²,,,Şah İsmayıl Xətai m.,Bakı,bugün 13:21,2026-07-15 13:37:21.068445
120 000,2 otaqlı,48 m²,15/15 mərtəbə,İnşaatçılar m.,Bakı,bugün 13:36,2026-07-15 13:37:26.161578
400 000,2 otaqlı,76 m²,5/6 mərtəbə,Nardaran q.,Bakı,bugün 13:35,2026-07-15 13:37:26.161833
1 400 000,5 otaqlı,280 m²,10/12 mərtəbə,Nizami m.,Bakı,bugün 13:35,2026-07-15 13:37:26.162061
250 614,2 otaqlı,81.9 m²,4/14 mərtəbə,Sea Breeze q.,Bakı,bugün 13:35,2026-07-15 13:37:26.162308
180 /gün,4 otaqlı,108 m²,,İsmayıllı,İsmayıllı,bugün 13:33,2026-07-15 13:37:26.162520
275 000,5 otaqlı,275 m²,,Albalılıq q.,Bakı,bugün 13:33,2026-07-15 13:37:26.162761
4 500 /ay,240 m²,,,Ağ şəhər q.,Bakı,bugün 13:31,2026-07-15 13:37:26.162975
495 000,4 otaqlı,141 m²,2/2 mərtəbə,Nizami m.,Bakı,bugün 13:31,2026-07-15 13:37:26.163193
500 /gün,6 otaqlı,700 m²,,Nardaran q.,Bakı,bugün 13:31,2026-07-15 13:37:26.163408
309 468,2 otaqlı,88.8 m²,8/24 mərtəbə,Nardaran q.,Bakı,bugün 13:30,2026-07-15 13:37:26.163617
340 000,12 sot,,,Şüvəlan q.,Bakı,bugün 13:30,2026-07-15 13:37:26.163843
360 000,2 otaqlı,65 m²,2/8 mərtəbə,Sea Breeze q.,Bakı,bugün 13:30,2026-07-15 13:37:26.164050
225 000,3 otaqlı,65 m²,2/3 mərtəbə,Nəsimi r.,Bakı,bugün 13:30,2026-07-15 13:37:26.164286
280 000,4 otaqlı,148.5 m²,1/6 mərtəbə,Həzi Aslanov m.,Bakı,bugün 13:29,2026-07-15 13:37:26.164499
4 500 /ay,200 m²,,,Gənclik m.,Bakı,bugün 13:28,2026-07-15 13:37:26.164727
825 000,3 otaqlı,135 m²,4/5 mərtəbə,Sea Breeze q.,Bakı,bugün 13:28,2026-07-15 13:37:26.164969
360 443,2 otaqlı,77.1 m²,1/9 mərtəbə,Sea Breeze q.,Bakı,bugün 13:28,2026-07-15 13:37:26.165231
670 000,200 m²,,,İnşaatçılar m.,Bakı,bugün 13:27,2026-07-15 13:37:26.165488
187 500,2 otaqlı,55 m²,3/3 mərtəbə,Sahil m.,Bakı,bugün 13:27,2026-07-15 13:37:26.165723
150 /gün,3 otaqlı,110 m²,,Mərdəkan q.,Bakı,bugün 13:26,2026-07-15 13:37:26.165978
800 /ay,2 otaqlı,58 m²,11/17 mərtəbə,Gənclik m.,Bakı,bugün 13:24,2026-07-15 13:37:26.166230
520 000,4 otaqlı,300 m²,,Mərdəkan q.,Bakı,bugün 13:23,2026-07-15 13:37:26.166478
700 /ay,2 otaqlı,90 m²,13/19 mərtəbə,Həzi Aslanov m.,Bakı,bugün 13:21,2026-07-15 13:37:26.166749
146 000,20.2 m²,,,Şah İsmayıl Xətai m.,Bakı,bugün 13:21,2026-07-15 13:37:26.167010
120 000,2 otaqlı,48 m²,15/15 mərtəbə,İnşaatçılar m.,Bakı,bugün 13:36,2026-07-15 13:37:31.095187
400 000,2 otaqlı,76 m²,5/6 mərtəbə,Nardaran q.,Bakı,bugün 13:35,2026-07-15 13:37:31.095433
1 400 000,5 otaqlı,280 m²,10/12 mərtəbə,Nizami m.,Bakı,bugün 13:35,2026-07-15 13:37:31.095650
250 614,2 otaqlı,81.9 m²,4/14 mərtəbə,Sea Breeze q.,Bakı,bugün 13:35,2026-07-15 13:37:31.095862
180 /gün,4 otaqlı,108 m²,,İsmayıllı,İsmayıllı,bugün 13:33,2026-07-15 13:37:31.096071
275 000,5 otaqlı,275 m²,,Albalılıq q.,Bakı,bugün 13:33,2026-07-15 13:37:31.096290
4 500 /ay,240 m²,,,Ağ şəhər q.,Bakı,bugün 13:31,2026-07-15 13:37:31.096581
495 000,4 otaqlı,141 m²,2/2 mərtəbə,Nizami m.,Bakı,bugün 13:31,2026-07-15 13:37:31.096907
500 /gün,6 otaqlı,700 m²,,Nardaran q.,Bakı,bugün 13:31,2026-07-15 13:37:31.097163
309 468,2 otaqlı,88.8 m²,8/24 mərtəbə,Nardaran q.,Bakı,bugün 13:30,2026-07-15 13:37:31.097528
340 000,12 sot,,,Şüvəlan q.,Bakı,bugün 13:30,2026-07-15 13:37:31.097799
360 000,2 otaqlı,65 m²,2/8 mərtəbə,Sea Breeze q.,Bakı,bugün 13:30,2026-07-15 13:37:31.098044
225 000,3 otaqlı,65 m²,2/3 mərtəbə,Nəsimi r.,Bakı,bugün 13:30,2026-07-15 13:37:31.098298
280 000,4 otaqlı,148.5 m²,1/6 mərtəbə,Həzi Aslanov m.,Bakı,bugün 13:29,2026-07-15 13:37:31.098589
4 500 /ay,200 m²,,,Gənclik m.,Bakı,bugün 13:28,2026-07-15 13:37:31.098868
825 000,3 otaqlı,135 m²,4/5 mərtəbə,Sea Breeze q.,Bakı,bugün 13:28,2026-07-15 13:37:31.099106
360 443,2 otaqlı,77.1 m²,1/9 mərtəbə,Sea Breeze q.,Bakı,bugün 13:28,2026-07-15 13:37:31.099358
670 000,200 m²,,,İnşaatçılar m.,Bakı,bugün 13:27,2026-07-15 13:37:31.099625
187 500,2 otaqlı,55 m²,3/3 mərtəbə,Sahil m.,Bakı,bugün 13:27,2026-07-15 13:37:31.099896
150 /gün,3 otaqlı,110 m²,,Mərdəkan q.,Bakı,bugün 13:26,2026-07-15 13:37:31.100151
800 /ay,2 otaqlı,58 m²,11/17 mərtəbə,Gənclik m.,Bakı,bugün 13:24,2026-07-15 13:37:31.100430
520 000,4 otaqlı,300 m²,,Mərdəkan q.,Bakı,bugün 13:23,2026-07-15 13:37:31.100722
700 /ay,2 otaqlı,90 m²,13/19 mərtəbə,Həzi Aslanov m.,Bakı,bugün 13:21,2026-07-15 13:37:31.100989
146 000,20.2 m²,,,Şah İsmayıl Xətai m.,Bakı,bugün 13:21,2026-07-15 13:37:31.101246
120 000,2 otaqlı,48 m²,15/15 mərtəbə,İnşaatçılar m.,Bakı,bugün 13:36,2026-07-15 13:37:36.247036
400 000,2 otaqlı,76 m²,5/6 mərtəbə,Nardaran q.,Bakı,bugün 13:35,2026-07-15 13:37:36.247558
1 400 000,5 otaqlı,280 m²,10/12 mərtəbə,Nizami m.,Bakı,bugün 13:35,2026-07-15 13:37:36.248059
250 614,2 otaqlı,81.9 m²,4/14 mərtəbə,Sea Breeze q.,Bakı,bugün 13:35,2026-07-15 13:37:36.248598
180 /gün,4 otaqlı,108 m²,,İsmayıllı,İsmayıllı,bugün 13:33,2026-07-15 13:37:36.249127
275 000,5 otaqlı,275 m²,,Albalılıq q.,Bakı,bugün 13:33,2026-07-15 13:37:36.249673
4 500 /ay,240 m²,,,Ağ şəhər q.,Bakı,bugün 13:31,2026-07-15 13:37:36.250174
495 000,4 otaqlı,141 m²,2/2 mərtəbə,Nizami m.,Bakı,bugün 13:31,2026-07-15 13:37:36.250792
500 /gün,6 otaqlı,700 m²,,Nardaran q.,Bakı,bugün 13:31,2026-07-15 13:37:36.251297
309 468,2 otaqlı,88.8 m²,8/24 mərtəbə,Nardaran q.,Bakı,bugün 13:30,2026-07-15 13:37:36.251798
340 000,12 sot,,,Şüvəlan q.,Bakı,bugün 13:30,2026-07-15 13:37:36.252293
360 000,2 otaqlı,65 m²,2/8 mərtəbə,Sea Breeze q.,Bakı,bugün 13:30,2026-07-15 13:37:36.253016
225 000,3 otaqlı,65 m²,2/3 mərtəbə,Nəsimi r.,Bakı,bugün 13:30,2026-07-15 13:37:36.253597
280 000,4 otaqlı,148.5 m²,1/6 mərtəbə,Həzi Aslanov m.,Bakı,bugün 13:29,2026-07-15 13:37:36.254092
4 500 /ay,200 m²,,,Gənclik m.,Bakı,bugün 13:28,2026-07-15 13:37:36.254592
825 000,3 otaqlı,135 m²,4/5 mərtəbə,Sea Breeze q.,Bakı,bugün 13:28,2026-07-15 13:37:36.255083
360 443,2 otaqlı,77.1 m²,1/9 mərtəbə,Sea Breeze q.,Bakı,bugün 13:28,2026-07-15 13:37:36.255566
670 000,200 m²,,,İnşaatçılar m.,Bakı,bugün 13:27,2026-07-15 13:37:36.256053
187 500,2 otaqlı,55 m²,3/3 mərtəbə,Sahil m.,Bakı,bugün 13:27,2026-07-15 13:37:36.256530
150 /gün,3 otaqlı,110 m²,,Mərdəkan q.,Bakı,bugün 13:26,2026-07-15 13:37:36.257022
800 /ay,2 otaqlı,58 m²,11/17 mərtəbə,Gənclik m.,Bakı,bugün 13:24,2026-07-15 13:37:36.257493
520 000,4 otaqlı,300 m²,,Mərdəkan q.,Bakı,bugün 13:23,2026-07-15 13:37:36.257936
700 /ay,2 otaqlı,90 m²,13/19 mərtəbə,Həzi Aslanov m.,Bakı,bugün 13:21,2026-07-15 13:37:36.258378
146 000,20.2 m²,,,Şah İsmayıl Xətai m.,Bakı,bugün 13:21,2026-07-15 13:37:36.259077
120 000,2 otaqlı,48 m²,15/15 mərtəbə,İnşaatçılar m.,Bakı,bugün 13:36,2026-07-15 13:37:41.060411
400 000,2 otaqlı,76 m²,5/6 mərtəbə,Nardaran q.,Bakı,bugün 13:35,2026-07-15 13:37:41.060783
1 400 000,5 otaqlı,280 m²,10/12 mərtəbə,Nizami m.,Bakı,bugün 13:35,2026-07-15 13:37:41.061033
250 614,2 otaqlı,81.9 m²,4/14 mərtəbə,Sea Breeze q.,Bakı,bugün 13:35,2026-07-15 13:37:41.061295
180 /gün,4 otaqlı,108 m²,,İsmayıllı,İsmayıllı,bugün 13:33,2026-07-15 13:37:41.061536
275 000,5 otaqlı,275 m²,,Albalılıq q.,Bakı,bugün 13:33,2026-07-15 13:37:41.061761
4 500 /ay,240 m²,,,Ağ şəhər q.,Bakı,bugün 13:31,2026-07-15 13:37:41.062006
495 000,4 otaqlı,141 m²,2/2 mərtəbə,Nizami m.,Bakı,bugün 13:31,2026-07-15 13:37:41.062236
500 /gün,6 otaqlı,700 m²,,Nardaran q.,Bakı,bugün 13:31,2026-07-15 13:37:41.062463
309 468,2 otaqlı,88.8 m²,8/24 mərtəbə,Nardaran q.,Bakı,bugün 13:30,2026-07-15 13:37:41.062678
340 000,12 sot,,,Şüvəlan q.,Bakı,bugün 13:30,2026-07-15 13:37:41.062888
360 000,2 otaqlı,65 m²,2/8 mərtəbə,Sea Breeze q.,Bakı,bugün 13:30,2026-07-15 13:37:41.063090
225 000,3 otaqlı,65 m²,2/3 mərtəbə,Nəsimi r.,Bakı,bugün 13:30,2026-07-15 13:37:41.063292
280 000,4 otaqlı,148.5 m²,1/6 mərtəbə,Həzi Aslanov m.,Bakı,bugün 13:29,2026-07-15 13:37:41.063508
4 500 /ay,200 m²,,,Gənclik m.,Bakı,bugün 13:28,2026-07-15 13:37:41.063709
825 000,3 otaqlı,135 m²,4/5 mərtəbə,Sea Breeze q.,Bakı,bugün 13:28,2026-07-15 13:37:41.063906
360 443,2 otaqlı,77.1 m²,1/9 mərtəbə,Sea Breeze q.,Bakı,bugün 13:28,2026-07-15 13:37:41.064116
670 000,200 m²,,,İnşaatçılar m.,Bakı,bugün 13:27,2026-07-15 13:37:41.064326
187 500,2 otaqlı,55 m²,3/3 mərtəbə,Sahil m.,Bakı,bugün 13:27,2026-07-15 13:37:41.064529
150 /gün,3 otaqlı,110 m²,,Mərdəkan q.,Bakı,bugün 13:26,2026-07-15 13:37:41.064742
800 /ay,2 otaqlı,58 m²,11/17 mərtəbə,Gənclik m.,Bakı,bugün 13:24,2026-07-15 13:37:41.064953
520 000,4 otaqlı,300 m²,,Mərdəkan q.,Bakı,bugün 13:23,2026-07-15 13:37:41.065162
700 /ay,2 otaqlı,90 m²,13/19 mərtəbə,Həzi Aslanov m.,Bakı,bugün 13:21,2026-07-15 13:37:41.065369
146 000,20.2 m²,,,Şah İsmayıl Xətai m.,Bakı,bugün 13:21,2026-07-15 13:37:41.065576
120 000,2 otaqlı,48 m²,15/15 mərtəbə,İnşaatçılar m.,Bakı,bugün 13:36,2026-07-15 13:37:46.095235
400 000,2 otaqlı,76 m²,5/6 mərtəbə,Nardaran q.,Bakı,bugün 13:35,2026-07-15 13:37:46.095470
1 400 000,5 otaqlı,280 m²,10/12 mərtəbə,Nizami m.,Bakı,bugün 13:35,2026-07-15 13:37:46.095688
250 614,2 otaqlı,81.9 m²,4/14 mərtəbə,Sea Breeze q.,Bakı,bugün 13:35,2026-07-15 13:37:46.095902
180 /gün,4 otaqlı,108 m²,,İsmayıllı,İsmayıllı,bugün 13:33,2026-07-15 13:37:46.096250
275 000,5 otaqlı,275 m²,,Albalılıq q.,Bakı,bugün 13:33,2026-07-15 13:37:46.096716
4 500 /ay,240 m²,,,Ağ şəhər q.,Bakı,bugün 13:31,2026-07-15 13:37:46.097121
495 000,4 otaqlı,141 m²,2/2 mərtəbə,Nizami m.,Bakı,bugün 13:31,2026-07-15 13:37:46.097526
500 /gün,6 otaqlı,700 m²,,Nardaran q.,Bakı,bugün 13:31,2026-07-15 13:37:46.097882
309 468,2 otaqlı,88.8 m²,8/24 mərtəbə,Nardaran q.,Bakı,bugün 13:30,2026-07-15 13:37:46.098426
340 000,12 sot,,,Şüvəlan q.,Bakı,bugün 13:30,2026-07-15 13:37:46.098889
360 000,2 otaqlı,65 m²,2/8 mərtəbə,Sea Breeze q.,Bakı,bugün 13:30,2026-07-15 13:37:46.099335
225 000,3 otaqlı,65 m²,2/3 mərtəbə,Nəsimi r.,Bakı,bugün 13:30,2026-07-15 13:37:46.099664
280 000,4 otaqlı,148.5 m²,1/6 mərtəbə,Həzi Aslanov m.,Bakı,bugün 13:29,2026-07-15 13:37:46.100141
4 500 /ay,200 m²,,,Gənclik m.,Bakı,bugün 13:28,2026-07-15 13:37:46.100627
825 000,3 otaqlı,135 m²,4/5 mərtəbə,Sea Breeze q.,Bakı,bugün 13:28,2026-07-15 13:37:46.101053
360 443,2 otaqlı,77.1 m²,1/9 mərtəbə,Sea Breeze q.,Bakı,bugün 13:28,2026-07-15 13:37:46.101515
670 000,200 m²,,,İnşaatçılar m.,Bakı,bugün 13:27,2026-07-15 13:37:46.101985
187 500,2 otaqlı,55 m²,3/3 mərtəbə,Sahil m.,Bakı,bugün 13:27,2026-07-15 13:37:46.102413
150 /gün,3 otaqlı,110 m²,,Mərdəkan q.,Bakı,bugün 13:26,2026-07-15 13:37:46.102880
800 /ay,2 otaqlı,58 m²,11/17 mərtəbə,Gənclik m.,Bakı,bugün 13:24,2026-07-15 13:37:46.103381
520 000,4 otaqlı,300 m²,,Mərdəkan q.,Bakı,bugün 13:23,2026-07-15 13:37:46.103894
700 /ay,2 otaqlı,90 m²,13/19 mərtəbə,Həzi Aslanov m.,Bakı,bugün 13:21,2026-07-15 13:37:46.104341
146 000,20.2 m²,,,Şah İsmayıl Xətai m.,Bakı,bugün 13:21,2026-07-15 13:37:46.104869
120 000,2 otaqlı,48 m²,15/15 mərtəbə,İnşaatçılar m.,Bakı,bugün 13:36,2026-07-15 13:37:51.074942
400 000,2 otaqlı,76 m²,5/6 mərtəbə,Nardaran q.,Bakı,bugün 13:35,2026-07-15 13:37:51.075175
1 400 000,5 otaqlı,280 m²,10/12 mərtəbə,Nizami m.,Bakı,bugün 13:35,2026-07-15 13:37:51.075414
250 614,2 otaqlı,81.9 m²,4/14 mərtəbə,Sea Breeze q.,Bakı,bugün 13:35,2026-07-15 13:37:51.075634
180 /gün,4 otaqlı,108 m²,,İsmayıllı,İsmayıllı,bugün 13:33,2026-07-15 13:37:51.075874
275 000,5 otaqlı,275 m²,,Albalılıq q.,Bakı,bugün 13:33,2026-07-15 13:37:51.076092
4 500 /ay,240 m²,,,Ağ şəhər q.,Bakı,bugün 13:31,2026-07-15 13:37:51.076299
495 000,4 otaqlı,141 m²,2/2 mərtəbə,Nizami m.,Bakı,bugün 13:31,2026-07-15 13:37:51.076510
500 /gün,6 otaqlı,700 m²,,Nardaran q.,Bakı,bugün 13:31,2026-07-15 13:37:51.076711
309 468,2 otaqlı,88.8 m²,8/24 mərtəbə,Nardaran q.,Bakı,bugün 13:30,2026-07-15 13:37:51.076918
340 000,12 sot,,,Şüvəlan q.,Bakı,bugün 13:30,2026-07-15 13:37:51.077125
360 000,2 otaqlı,65 m²,2/8 mərtəbə,Sea Breeze q.,Bakı,bugün 13:30,2026-07-15 13:37:51.077327
225 000,3 otaqlı,65 m²,2/3 mərtəbə,Nəsimi r.,Bakı,bugün 13:30,2026-07-15 13:37:51.077532
280 000,4 otaqlı,148.5 m²,1/6 mərtəbə,Həzi Aslanov m.,Bakı,bugün 13:29,2026-07-15 13:37:51.077799
4 500 /ay,200 m²,,,Gənclik m.,Bakı,bugün 13:28,2026-07-15 13:37:51.078014
825 000,3 otaqlı,135 m²,4/5 mərtəbə,Sea Breeze q.,Bakı,bugün 13:28,2026-07-15 13:37:51.078220
360 443,2 otaqlı,77.1 m²,1/9 mərtəbə,Sea Breeze q.,Bakı,bugün 13:28,2026-07-15 13:37:51.078444
670 000,200 m²,,,İnşaatçılar m.,Bakı,bugün 13:27,2026-07-15 13:37:51.078653
187 500,2 otaqlı,55 m²,3/3 mərtəbə,Sahil m.,Bakı,bugün 13:27,2026-07-15 13:37:51.078855
150 /gün,3 otaqlı,110 m²,,Mərdəkan q.,Bakı,bugün 13:26,2026-07-15 13:37:51.079087
800 /ay,2 otaqlı,58 m²,11/17 mərtəbə,Gənclik m.,Bakı,bugün 13:24,2026-07-15 13:37:51.079315
520 000,4 otaqlı,300 m²,,Mərdəkan q.,Bakı,bugün 13:23,2026-07-15 13:37:51.079527
700 /ay,2 otaqlı,90 m²,13/19 mərtəbə,Həzi Aslanov m.,Bakı,bugün 13:21,2026-07-15 13:37:51.079728
146 000,20.2 m²,,,Şah İsmayıl Xətai m.,Bakı,bugün 13:21,2026-07-15 13:37:51.080002
120 000,2 otaqlı,48 m²,15/15 mərtəbə,İnşaatçılar m.,Bakı,bugün 13:36,2026-07-15 13:37:56.110319
400 000,2 otaqlı,76 m²,5/6 mərtəbə,Nardaran q.,Bakı,bugün 13:35,2026-07-15 13:37:56.110772
1 400 000,5 otaqlı,280 m²,10/12 mərtəbə,Nizami m.,Bakı,bugün 13:35,2026-07-15 13:37:56.111275
250 614,2 otaqlı,81.9 m²,4/14 mərtəbə,Sea Breeze q.,Bakı,bugün 13:35,2026-07-15 13:37:56.111743
180 /gün,4 otaqlı,108 m²,,İsmayıllı,İsmayıllı,bugün 13:33,2026-07-15 13:37:56.112241
275 000,5 otaqlı,275 m²,,Albalılıq q.,Bakı,bugün 13:33,2026-07-15 13:37:56.112716
4 500 /ay,240 m²,,,Ağ şəhər q.,Bakı,bugün 13:31,2026-07-15 13:37:56.113210
495 000,4 otaqlı,141 m²,2/2 mərtəbə,Nizami m.,Bakı,bugün 13:31,2026-07-15 13:37:56.113707
500 /gün,6 otaqlı,700 m²,,Nardaran q.,Bakı,bugün 13:31,2026-07-15 13:37:56.114164
309 468,2 otaqlı,88.8 m²,8/24 mərtəbə,Nardaran q.,Bakı,bugün 13:30,2026-07-15 13:37:56.114605
340 000,12 sot,,,Şüvəlan q.,Bakı,bugün 13:30,2026-07-15 13:37:56.115075
360 000,2 otaqlı,65 m²,2/8 mərtəbə,Sea Breeze q.,Bakı,bugün 13:30,2026-07-15 13:37:56.115513
225 000,3 otaqlı,65 m²,2/3 mərtəbə,Nəsimi r.,Bakı,bugün 13:30,2026-07-15 13:37:56.115952
280 000,4 otaqlı,148.5 m²,1/6 mərtəbə,Həzi Aslanov m.,Bakı,bugün 13:29,2026-07-15 13:37:56.116427
4 500 /ay,200 m²,,,Gənclik m.,Bakı,bugün 13:28,2026-07-15 13:37:56.116860
825 000,3 otaqlı,135 m²,4/5 mərtəbə,Sea Breeze q.,Bakı,bugün 13:28,2026-07-15 13:37:56.117304
360 443,2 otaqlı,77.1 m²,1/9 mərtəbə,Sea Breeze q.,Bakı,bugün 13:28,2026-07-15 13:37:56.117912
670 000,200 m²,,,İnşaatçılar m.,Bakı,bugün 13:27,2026-07-15 13:37:56.118251
187 500,2 otaqlı,55 m²,3/3 mərtəbə,Sahil m.,Bakı,bugün 13:27,2026-07-15 13:37:56.118470
150 /gün,3 otaqlı,110 m²,,Mərdəkan q.,Bakı,bugün 13:26,2026-07-15 13:37:56.118726
800 /ay,2 otaqlı,58 m²,11/17 mərtəbə,Gənclik m.,Bakı,bugün 13:24,2026-07-15 13:37:56.119037
520 000,4 otaqlı,300 m²,,Mərdəkan q.,Bakı,bugün 13:23,2026-07-15 13:37:56.119401
700 /ay,2 otaqlı,90 m²,13/19 mərtəbə,Həzi Aslanov m.,Bakı,bugün 13:21,2026-07-15 13:37:56.119835
146 000,20.2 m²,,,Şah İsmayıl Xətai m.,Bakı,bugün 13:21,2026-07-15 13:37:56.120278
120 000,2 otaqlı,48 m²,15/15 mərtəbə,İnşaatçılar m.,Bakı,bugün 13:36,2026-07-15 13:38:01.150392
400 000,2 otaqlı,76 m²,5/6 mərtəbə,Nardaran q.,Bakı,bugün 13:35,2026-07-15 13:38:01.150628
1 400 000,5 otaqlı,280 m²,10/12 mərtəbə,Nizami m.,Bakı,bugün 13:35,2026-07-15 13:38:01.150847
250 614,2 otaqlı,81.9 m²,4/14 mərtəbə,Sea Breeze q.,Bakı,bugün 13:35,2026-07-15 13:38:01.151067
180 /gün,4 otaqlı,108 m²,,İsmayıllı,İsmayıllı,bugün 13:33,2026-07-15 13:38:01.151284
275 000,5 otaqlı,275 m²,,Albalılıq q.,Bakı,bugün 13:33,2026-07-15 13:38:01.151496
4 500 /ay,240 m²,,,Ağ şəhər q.,Bakı,bugün 13:31,2026-07-15 13:38:01.151712
495 000,4 otaqlı,141 m²,2/2 mərtəbə,Nizami m.,Bakı,bugün 13:31,2026-07-15 13:38:01.151933
500 /gün,6 otaqlı,700 m²,,Nardaran q.,Bakı,bugün 13:31,2026-07-15 13:38:01.152139
309 468,2 otaqlı,88.8 m²,8/24 mərtəbə,Nardaran q.,Bakı,bugün 13:30,2026-07-15 13:38:01.152346
340 000,12 sot,,,Şüvəlan q.,Bakı,bugün 13:30,2026-07-15 13:38:01.152551
360 000,2 otaqlı,65 m²,2/8 mərtəbə,Sea Breeze q.,Bakı,bugün 13:30,2026-07-15 13:38:01.152747
225 000,3 otaqlı,65 m²,2/3 mərtəbə,Nəsimi r.,Bakı,bugün 13:30,2026-07-15 13:38:01.152990
280 000,4 otaqlı,148.5 m²,1/6 mərtəbə,Həzi Aslanov m.,Bakı,bugün 13:29,2026-07-15 13:38:01.153214
4 500 /ay,200 m²,,,Gənclik m.,Bakı,bugün 13:28,2026-07-15 13:38:01.153418
825 000,3 otaqlı,135 m²,4/5 mərtəbə,Sea Breeze q.,Bakı,bugün 13:28,2026-07-15 13:38:01.153626
360 443,2 otaqlı,77.1 m²,1/9 mərtəbə,Sea Breeze q.,Bakı,bugün 13:28,2026-07-15 13:38:01.153832
670 000,200 m²,,,İnşaatçılar m.,Bakı,bugün 13:27,2026-07-15 13:38:01.154052
187 500,2 otaqlı,55 m²,3/3 mərtəbə,Sahil m.,Bakı,bugün 13:27,2026-07-15 13:38:01.154257
150 /gün,3 otaqlı,110 m²,,Mərdəkan q.,Bakı,bugün 13:26,2026-07-15 13:38:01.154461
800 /ay,2 otaqlı,58 m²,11/17 mərtəbə,Gənclik m.,Bakı,bugün 13:24,2026-07-15 13:38:01.154675
520 000,4 otaqlı,300 m²,,Mərdəkan q.,Bakı,bugün 13:23,2026-07-15 13:38:01.154883
700 /ay,2 otaqlı,90 m²,13/19 mərtəbə,Həzi Aslanov m.,Bakı,bugün 13:21,2026-07-15 13:38:01.155091
146 000,20.2 m²,,,Şah İsmayıl Xətai m.,Bakı,bugün 13:21,2026-07-15 13:38:01.155295
120 000,2 otaqlı,48 m²,15/15 mərtəbə,İnşaatçılar m.,Bakı,bugün 13:36,2026-07-15 13:38:06.289111
400 000,2 otaqlı,76 m²,5/6 mərtəbə,Nardaran q.,Bakı,bugün 13:35,2026-07-15 13:38:06.289601
1 400 000,5 otaqlı,280 m²,10/12 mərtəbə,Nizami m.,Bakı,bugün 13:35,2026-07-15 13:38:06.290029
250 614,2 otaqlı,81.9 m²,4/14 mərtəbə,Sea Breeze q.,Bakı,bugün 13:35,2026-07-15 13:38:06.290481
180 /gün,4 otaqlı,108 m²,,İsmayıllı,İsmayıllı,bugün 13:33,2026-07-15 13:38:06.290918
275 000,5 otaqlı,275 m²,,Albalılıq q.,Bakı,bugün 13:33,2026-07-15 13:38:06.291354
4 500 /ay,240 m²,,,Ağ şəhər q.,Bakı,bugün 13:31,2026-07-15 13:38:06.291813
495 000,4 otaqlı,141 m²,2/2 mərtəbə,Nizami m.,Bakı,bugün 13:31,2026-07-15 13:38:06.292260
500 /gün,6 otaqlı,700 m²,,Nardaran q.,Bakı,bugün 13:31,2026-07-15 13:38:06.292696
309 468,2 otaqlı,88.8 m²,8/24 mərtəbə,Nardaran q.,Bakı,bugün 13:30,2026-07-15 13:38:06.293117
340 000,12 sot,,,Şüvəlan q.,Bakı,bugün 13:30,2026-07-15 13:38:06.293540
360 000,2 otaqlı,65 m²,2/8 mərtəbə,Sea Breeze q.,Bakı,bugün 13:30,2026-07-15 13:38:06.293932
225 000,3 otaqlı,65 m²,2/3 mərtəbə,Nəsimi r.,Bakı,bugün 13:30,2026-07-15 13:38:06.294330
280 000,4 otaqlı,148.5 m²,1/6 mərtəbə,Həzi Aslanov m.,Bakı,bugün 13:29,2026-07-15 13:38:06.294794
4 500 /ay,200 m²,,,Gənclik m.,Bakı,bugün 13:28,2026-07-15 13:38:06.295222
825 000,3 otaqlı,135 m²,4/5 mərtəbə,Sea Breeze q.,Bakı,bugün 13:28,2026-07-15 13:38:06.295631
360 443,2 otaqlı,77.1 m²,1/9 mərtəbə,Sea Breeze q.,Bakı,bugün 13:28,2026-07-15 13:38:06.296087
670 000,200 m²,,,İnşaatçılar m.,Bakı,bugün 13:27,2026-07-15 13:38:06.296590
187 500,2 otaqlı,55 m²,3/3 mərtəbə,Sahil m.,Bakı,bugün 13:27,2026-07-15 13:38:06.297043
150 /gün,3 otaqlı,110 m²,,Mərdəkan q.,Bakı,bugün 13:26,2026-07-15 13:38:06.297593
800 /ay,2 otaqlı,58 m²,11/17 mərtəbə,Gənclik m.,Bakı,bugün 13:24,2026-07-15 13:38:06.298223
520 000,4 otaqlı,300 m²,,Mərdəkan q.,Bakı,bugün 13:23,2026-07-15 13:38:06.298613
700 /ay,2 otaqlı,90 m²,13/19 mərtəbə,Həzi Aslanov m.,Bakı,bugün 13:21,2026-07-15 13:38:06.298961
146 000,20.2 m²,,,Şah İsmayıl Xətai m.,Bakı,bugün 13:21,2026-07-15 13:38:06.299300
175 000,36.5 m²,,,Abşeron r.,Bakı,bugün 13:37,2026-07-15 13:38:11.090146
205 000,40 m²,,,Xırdalan,Xırdalan,bugün 13:36,2026-07-15 13:38:11.090677
120 000,2 otaqlı,48 m²,15/15 mərtəbə,İnşaatçılar m.,Bakı,bugün 13:36,2026-07-15 13:38:11.091184
400 000,2 otaqlı,76 m²,5/6 mərtəbə,Nardaran q.,Bakı,bugün 13:35,2026-07-15 13:38:11.091684
1 400 000,5 otaqlı,280 m²,10/12 mərtəbə,Nizami m.,Bakı,bugün 13:35,2026-07-15 13:38:11.092146
250 614,2 otaqlı,81.9 m²,4/14 mərtəbə,Sea Breeze q.,Bakı,bugün 13:35,2026-07-15 13:38:11.092618
180 /gün,4 otaqlı,108 m²,,İsmayıllı,İsmayıllı,bugün 13:33,2026-07-15 13:38:11.093087
275 000,5 otaqlı,275 m²,,Albalılıq q.,Bakı,bugün 13:33,2026-07-15 13:38:11.093844
4 500 /ay,240 m²,,,Ağ şəhər q.,Bakı,bugün 13:31,2026-07-15 13:38:11.094322
495 000,4 otaqlı,141 m²,2/2 mərtəbə,Nizami m.,Bakı,bugün 13:31,2026-07-15 13:38:11.095441
500 /gün,6 otaqlı,700 m²,,Nardaran q.,Bakı,bugün 13:31,2026-07-15 13:38:11.096165
309 468,2 otaqlı,88.8 m²,8/24 mərtəbə,Nardaran q.,Bakı,bugün 13:30,2026-07-15 13:38:11.096748
340 000,12 sot,,,Şüvəlan q.,Bakı,bugün 13:30,2026-07-15 13:38:11.097254
360 000,2 otaqlı,65 m²,2/8 mərtəbə,Sea Breeze q.,Bakı,bugün 13:30,2026-07-15 13:38:11.097759
225 000,3 otaqlı,65 m²,2/3 mərtəbə,Nəsimi r.,Bakı,bugün 13:30,2026-07-15 13:38:11.098247
280 000,4 otaqlı,148.5 m²,1/6 mərtəbə,Həzi Aslanov m.,Bakı,bugün 13:29,2026-07-15 13:38:11.100588
4 500 /ay,200 m²,,,Gənclik m.,Bakı,bugün 13:28,2026-07-15 13:38:11.101276
825 000,3 otaqlı,135 m²,4/5 mərtəbə,Sea Breeze q.,Bakı,bugün 13:28,2026-07-15 13:38:11.101830
360 443,2 otaqlı,77.1 m²,1/9 mərtəbə,Sea Breeze q.,Bakı,bugün 13:28,2026-07-15 13:38:11.102296
670 000,200 m²,,,İnşaatçılar m.,Bakı,bugün 13:27,2026-07-15 13:38:11.102996
187 500,2 otaqlı,55 m²,3/3 mərtəbə,Sahil m.,Bakı,bugün 13:27,2026-07-15 13:38:11.103685
150 /gün,3 otaqlı,110 m²,,Mərdəkan q.,Bakı,bugün 13:26,2026-07-15 13:38:11.104207
800 /ay,2 otaqlı,58 m²,11/17 mərtəbə,Gənclik m.,Bakı,bugün 13:24,2026-07-15 13:38:11.104704
520 000,4 otaqlı,300 m²,,Mərdəkan q.,Bakı,bugün 13:23,2026-07-15 13:38:11.105743
175 000,36.5 m²,,,Abşeron r.,Bakı,bugün 13:37,2026-07-15 13:38:16.239074
205 000,40 m²,,,Xırdalan,Xırdalan,bugün 13:36,2026-07-15 13:38:16.239371
120 000,2 otaqlı,48 m²,15/15 mərtəbə,İnşaatçılar m.,Bakı,bugün 13:36,2026-07-15 13:38:16.239708
400 000,2 otaqlı,76 m²,5/6 mərtəbə,Nardaran q.,Bakı,bugün 13:35,2026-07-15 13:38:16.240064
1 400 000,5 otaqlı,280 m²,10/12 mərtəbə,Nizami m.,Bakı,bugün 13:35,2026-07-15 13:38:16.240431
250 614,2 otaqlı,81.9 m²,4/14 mərtəbə,Sea Breeze q.,Bakı,bugün 13:35,2026-07-15 13:38:16.240833
180 /gün,4 otaqlı,108 m²,,İsmayıllı,İsmayıllı,bugün 13:33,2026-07-15 13:38:16.241204
275 000,5 otaqlı,275 m²,,Albalılıq q.,Bakı,bugün 13:33,2026-07-15 13:38:16.241628
4 500 /ay,240 m²,,,Ağ şəhər q.,Bakı,bugün 13:31,2026-07-15 13:38:16.241986
495 000,4 otaqlı,141 m²,2/2 mərtəbə,Nizami m.,Bakı,bugün 13:31,2026-07-15 13:38:16.242519
500 /gün,6 otaqlı,700 m²,,Nardaran q.,Bakı,bugün 13:31,2026-07-15 13:38:16.243084
309 468,2 otaqlı,88.8 m²,8/24 mərtəbə,Nardaran q.,Bakı,bugün 13:30,2026-07-15 13:38:16.243410
340 000,12 sot,,,Şüvəlan q.,Bakı,bugün 13:30,2026-07-15 13:38:16.243741
360 000,2 otaqlı,65 m²,2/8 mərtəbə,Sea Breeze q.,Bakı,bugün 13:30,2026-07-15 13:38:16.244098
225 000,3 otaqlı,65 m²,2/3 mərtəbə,Nəsimi r.,Bakı,bugün 13:30,2026-07-15 13:38:16.244480
280 000,4 otaqlı,148.5 m²,1/6 mərtəbə,Həzi Aslanov m.,Bakı,bugün 13:29,2026-07-15 13:38:16.244876
4 500 /ay,200 m²,,,Gənclik m.,Bakı,bugün 13:28,2026-07-15 13:38:16.245382
825 000,3 otaqlı,135 m²,4/5 mərtəbə,Sea Breeze q.,Bakı,bugün 13:28,2026-07-15 13:38:16.246299
360 443,2 otaqlı,77.1 m²,1/9 mərtəbə,Sea Breeze q.,Bakı,bugün 13:28,2026-07-15 13:38:16.247147
670 000,200 m²,,,İnşaatçılar m.,Bakı,bugün 13:27,2026-07-15 13:38:16.247496
187 500,2 otaqlı,55 m²,3/3 mərtəbə,Sahil m.,Bakı,bugün 13:27,2026-07-15 13:38:16.248000
150 /gün,3 otaqlı,110 m²,,Mərdəkan q.,Bakı,bugün 13:26,2026-07-15 13:38:16.248583
800 /ay,2 otaqlı,58 m²,11/17 mərtəbə,Gənclik m.,Bakı,bugün 13:24,2026-07-15 13:38:16.248990
520 000,4 otaqlı,300 m²,,Mərdəkan q.,Bakı,bugün 13:23,2026-07-15 13:38:16.249430
175 000,36.5 m²,,,Abşeron r.,Bakı,bugün 13:37,2026-07-15 13:38:21.158194
205 000,40 m²,,,Xırdalan,Xırdalan,bugün 13:36,2026-07-15 13:38:21.158491
120 000,2 otaqlı,48 m²,15/15 mərtəbə,İnşaatçılar m.,Bakı,bugün 13:36,2026-07-15 13:38:21.158742
400 000,2 otaqlı,76 m²,5/6 mərtəbə,Nardaran q.,Bakı,bugün 13:35,2026-07-15 13:38:21.158996
1 400 000,5 otaqlı,280 m²,10/12 mərtəbə,Nizami m.,Bakı,bugün 13:35,2026-07-15 13:38:21.159249
250 614,2 otaqlı,81.9 m²,4/14 mərtəbə,Sea Breeze q.,Bakı,bugün 13:35,2026-07-15 13:38:21.159469
180 /gün,4 otaqlı,108 m²,,İsmayıllı,İsmayıllı,bugün 13:33,2026-07-15 13:38:21.159693
275 000,5 otaqlı,275 m²,,Albalılıq q.,Bakı,bugün 13:33,2026-07-15 13:38:21.159927
4 500 /ay,240 m²,,,Ağ şəhər q.,Bakı,bugün 13:31,2026-07-15 13:38:21.160155
495 000,4 otaqlı,141 m²,2/2 mərtəbə,Nizami m.,Bakı,bugün 13:31,2026-07-15 13:38:21.160373
500 /gün,6 otaqlı,700 m²,,Nardaran q.,Bakı,bugün 13:31,2026-07-15 13:38:21.160590
309 468,2 otaqlı,88.8 m²,8/24 mərtəbə,Nardaran q.,Bakı,bugün 13:30,2026-07-15 13:38:21.160803
340 000,12 sot,,,Şüvəlan q.,Bakı,bugün 13:30,2026-07-15 13:38:21.161015
360 000,2 otaqlı,65 m²,2/8 mərtəbə,Sea Breeze q.,Bakı,bugün 13:30,2026-07-15 13:38:21.161222
225 000,3 otaqlı,65 m²,2/3 mərtəbə,Nəsimi r.,Bakı,bugün 13:30,2026-07-15 13:38:21.161433
280 000,4 otaqlı,148.5 m²,1/6 mərtəbə,Həzi Aslanov m.,Bakı,bugün 13:29,2026-07-15 13:38:21.161649
4 500 /ay,200 m²,,,Gənclik m.,Bakı,bugün 13:28,2026-07-15 13:38:21.161852
825 000,3 otaqlı,135 m²,4/5 mərtəbə,Sea Breeze q.,Bakı,bugün 13:28,2026-07-15 13:38:21.162067
360 443,2 otaqlı,77.1 m²,1/9 mərtəbə,Sea Breeze q.,Bakı,bugün 13:28,2026-07-15 13:38:21.162276
670 000,200 m²,,,İnşaatçılar m.,Bakı,bugün 13:27,2026-07-15 13:38:21.162487
187 500,2 otaqlı,55 m²,3/3 mərtəbə,Sahil m.,Bakı,bugün 13:27,2026-07-15 13:38:21.162699
150 /gün,3 otaqlı,110 m²,,Mərdəkan q.,Bakı,bugün 13:26,2026-07-15 13:38:21.162908
800 /ay,2 otaqlı,58 m²,11/17 mərtəbə,Gənclik m.,Bakı,bugün 13:24,2026-07-15 13:38:21.163122
520 000,4 otaqlı,300 m²,,Mərdəkan q.,Bakı,bugün 13:23,2026-07-15 13:38:21.163329
175 000,36.5 m²,,,Abşeron r.,Bakı,bugün 13:37,2026-07-15 13:38:26.123551
205 000,40 m²,,,Xırdalan,Xırdalan,bugün 13:36,2026-07-15 13:38:26.123934
120 000,2 otaqlı,48 m²,15/15 mərtəbə,İnşaatçılar m.,Bakı,bugün 13:36,2026-07-15 13:38:26.124323
400 000,2 otaqlı,76 m²,5/6 mərtəbə,Nardaran q.,Bakı,bugün 13:35,2026-07-15 13:38:26.124714
1 400 000,5 otaqlı,280 m²,10/12 mərtəbə,Nizami m.,Bakı,bugün 13:35,2026-07-15 13:38:26.125066
250 614,2 otaqlı,81.9 m²,4/14 mərtəbə,Sea Breeze q.,Bakı,bugün 13:35,2026-07-15 13:38:26.125424
180 /gün,4 otaqlı,108 m²,,İsmayıllı,İsmayıllı,bugün 13:33,2026-07-15 13:38:26.125793
275 000,5 otaqlı,275 m²,,Albalılıq q.,Bakı,bugün 13:33,2026-07-15 13:38:26.126203
4 500 /ay,240 m²,,,Ağ şəhər q.,Bakı,bugün 13:31,2026-07-15 13:38:26.126688
495 000,4 otaqlı,141 m²,2/2 mərtəbə,Nizami m.,Bakı,bugün 13:31,2026-07-15 13:38:26.126982
500 /gün,6 otaqlı,700 m²,,Nardaran q.,Bakı,bugün 13:31,2026-07-15 13:38:26.127251
309 468,2 otaqlı,88.8 m²,8/24 mərtəbə,Nardaran q.,Bakı,bugün 13:30,2026-07-15 13:38:26.127514
340 000,12 sot,,,Şüvəlan q.,Bakı,bugün 13:30,2026-07-15 13:38:26.127741
360 000,2 otaqlı,65 m²,2/8 mərtəbə,Sea Breeze q.,Bakı,bugün 13:30,2026-07-15 13:38:26.128040
225 000,3 otaqlı,65 m²,2/3 mərtəbə,Nəsimi r.,Bakı,bugün 13:30,2026-07-15 13:38:26.128298
280 000,4 otaqlı,148.5 m²,1/6 mərtəbə,Həzi Aslanov m.,Bakı,bugün 13:29,2026-07-15 13:38:26.128565
4 500 /ay,200 m²,,,Gənclik m.,Bakı,bugün 13:28,2026-07-15 13:38:26.128816
825 000,3 otaqlı,135 m²,4/5 mərtəbə,Sea Breeze q.,Bakı,bugün 13:28,2026-07-15 13:38:26.129333
360 443,2 otaqlı,77.1 m²,1/9 mərtəbə,Sea Breeze q.,Bakı,bugün 13:28,2026-07-15 13:38:26.130441
670 000,200 m²,,,İnşaatçılar m.,Bakı,bugün 13:27,2026-07-15 13:38:26.131075
187 500,2 otaqlı,55 m²,3/3 mərtəbə,Sahil m.,Bakı,bugün 13:27,2026-07-15 13:38:26.131582
150 /gün,3 otaqlı,110 m²,,Mərdəkan q.,Bakı,bugün 13:26,2026-07-15 13:38:26.132078
800 /ay,2 otaqlı,58 m²,11/17 mərtəbə,Gənclik m.,Bakı,bugün 13:24,2026-07-15 13:38:26.132543
520 000,4 otaqlı,300 m²,,Mərdəkan q.,Bakı,bugün 13:23,2026-07-15 13:38:26.133086
175 000,36.5 m²,,,Abşeron r.,Bakı,bugün 13:37,2026-07-15 13:38:31.142321
205 000,40 m²,,,Xırdalan,Xırdalan,bugün 13:36,2026-07-15 13:38:31.142654
120 000,2 otaqlı,48 m²,15/15 mərtəbə,İnşaatçılar m.,Bakı,bugün 13:36,2026-07-15 13:38:31.142928
400 000,2 otaqlı,76 m²,5/6 mərtəbə,Nardaran q.,Bakı,bugün 13:35,2026-07-15 13:38:31.143234
1 400 000,5 otaqlı,280 m²,10/12 mərtəbə,Nizami m.,Bakı,bugün 13:35,2026-07-15 13:38:31.143518
250 614,2 otaqlı,81.9 m²,4/14 mərtəbə,Sea Breeze q.,Bakı,bugün 13:35,2026-07-15 13:38:31.143777
180 /gün,4 otaqlı,108 m²,,İsmayıllı,İsmayıllı,bugün 13:33,2026-07-15 13:38:31.144067
275 000,5 otaqlı,275 m²,,Albalılıq q.,Bakı,bugün 13:33,2026-07-15 13:38:31.144381
4 500 /ay,240 m²,,,Ağ şəhər q.,Bakı,bugün 13:31,2026-07-15 13:38:31.144641
495 000,4 otaqlı,141 m²,2/2 mərtəbə,Nizami m.,Bakı,bugün 13:31,2026-07-15 13:38:31.144918
500 /gün,6 otaqlı,700 m²,,Nardaran q.,Bakı,bugün 13:31,2026-07-15 13:38:31.145252
309 468,2 otaqlı,88.8 m²,8/24 mərtəbə,Nardaran q.,Bakı,bugün 13:30,2026-07-15 13:38:31.145558
340 000,12 sot,,,Şüvəlan q.,Bakı,bugün 13:30,2026-07-15 13:38:31.145844
360 000,2 otaqlı,65 m²,2/8 mərtəbə,Sea Breeze q.,Bakı,bugün 13:30,2026-07-15 13:38:31.146323
225 000,3 otaqlı,65 m²,2/3 mərtəbə,Nəsimi r.,Bakı,bugün 13:30,2026-07-15 13:38:31.146669
280 000,4 otaqlı,148.5 m²,1/6 mərtəbə,Həzi Aslanov m.,Bakı,bugün 13:29,2026-07-15 13:38:31.146956
4 500 /ay,200 m²,,,Gənclik m.,Bakı,bugün 13:28,2026-07-15 13:38:31.147245
825 000,3 otaqlı,135 m²,4/5 mərtəbə,Sea Breeze q.,Bakı,bugün 13:28,2026-07-15 13:38:31.147535
360 443,2 otaqlı,77.1 m²,1/9 mərtəbə,Sea Breeze q.,Bakı,bugün 13:28,2026-07-15 13:38:31.147824
670 000,200 m²,,,İnşaatçılar m.,Bakı,bugün 13:27,2026-07-15 13:38:31.148113
187 500,2 otaqlı,55 m²,3/3 mərtəbə,Sahil m.,Bakı,bugün 13:27,2026-07-15 13:38:31.148383
150 /gün,3 otaqlı,110 m²,,Mərdəkan q.,Bakı,bugün 13:26,2026-07-15 13:38:31.148721
800 /ay,2 otaqlı,58 m²,11/17 mərtəbə,Gənclik m.,Bakı,bugün 13:24,2026-07-15 13:38:31.149025
520 000,4 otaqlı,300 m²,,Mərdəkan q.,Bakı,bugün 13:23,2026-07-15 13:38:31.149306
175 000,36.5 m²,,,Abşeron r.,Bakı,bugün 13:37,2026-07-15 13:38:36.175431
205 000,40 m²,,,Xırdalan,Xırdalan,bugün 13:36,2026-07-15 13:38:36.175953
120 000,2 otaqlı,48 m²,15/15 mərtəbə,İnşaatçılar m.,Bakı,bugün 13:36,2026-07-15 13:38:36.176627
400 000,2 otaqlı,76 m²,5/6 mərtəbə,Nardaran q.,Bakı,bugün 13:35,2026-07-15 13:38:36.177129
1 400 000,5 otaqlı,280 m²,10/12 mərtəbə,Nizami m.,Bakı,bugün 13:35,2026-07-15 13:38:36.177795
250 614,2 otaqlı,81.9 m²,4/14 mərtəbə,Sea Breeze q.,Bakı,bugün 13:35,2026-07-15 13:38:36.178135
180 /gün,4 otaqlı,108 m²,,İsmayıllı,İsmayıllı,bugün 13:33,2026-07-15 13:38:36.178592
275 000,5 otaqlı,275 m²,,Albalılıq q.,Bakı,bugün 13:33,2026-07-15 13:38:36.179122
4 500 /ay,240 m²,,,Ağ şəhər q.,Bakı,bugün 13:31,2026-07-15 13:38:36.179628
495 000,4 otaqlı,141 m²,2/2 mərtəbə,Nizami m.,Bakı,bugün 13:31,2026-07-15 13:38:36.180075
500 /gün,6 otaqlı,700 m²,,Nardaran q.,Bakı,bugün 13:31,2026-07-15 13:38:36.180572
309 468,2 otaqlı,88.8 m²,8/24 mərtəbə,Nardaran q.,Bakı,bugün 13:30,2026-07-15 13:38:36.181077
340 000,12 sot,,,Şüvəlan q.,Bakı,bugün 13:30,2026-07-15 13:38:36.181569
360 000,2 otaqlı,65 m²,2/8 mərtəbə,Sea Breeze q.,Bakı,bugün 13:30,2026-07-15 13:38:36.182085
225 000,3 otaqlı,65 m²,2/3 mərtəbə,Nəsimi r.,Bakı,bugün 13:30,2026-07-15 13:38:36.182647
280 000,4 otaqlı,148.5 m²,1/6 mərtəbə,Həzi Aslanov m.,Bakı,bugün 13:29,2026-07-15 13:38:36.183245
4 500 /ay,200 m²,,,Gənclik m.,Bakı,bugün 13:28,2026-07-15 13:38:36.183831
825 000,3 otaqlı,135 m²,4/5 mərtəbə,Sea Breeze q.,Bakı,bugün 13:28,2026-07-15 13:38:36.184417
360 443,2 otaqlı,77.1 m²,1/9 mərtəbə,Sea Breeze q.,Bakı,bugün 13:28,2026-07-15 13:38:36.184902
670 000,200 m²,,,İnşaatçılar m.,Bakı,bugün 13:27,2026-07-15 13:38:36.185434
187 500,2 otaqlı,55 m²,3/3 mərtəbə,Sahil m.,Bakı,bugün 13:27,2026-07-15 13:38:36.185897
150 /gün,3 otaqlı,110 m²,,Mərdəkan q.,Bakı,bugün 13:26,2026-07-15 13:38:36.186727
800 /ay,2 otaqlı,58 m²,11/17 mərtəbə,Gənclik m.,Bakı,bugün 13:24,2026-07-15 13:38:36.187194
520 000,4 otaqlı,300 m²,,Mərdəkan q.,Bakı,bugün 13:23,2026-07-15 13:38:36.187556
175 000,36.5 m²,,,Abşeron r.,Bakı,bugün 13:37,2026-07-15 13:38:41.265758
205 000,40 m²,,,Xırdalan,Xırdalan,bugün 13:36,2026-07-15 13:38:41.266267
120 000,2 otaqlı,48 m²,15/15 mərtəbə,İnşaatçılar m.,Bakı,bugün 13:36,2026-07-15 13:38:41.266938
400 000,2 otaqlı,76 m²,5/6 mərtəbə,Nardaran q.,Bakı,bugün 13:35,2026-07-15 13:38:41.267238
1 400 000,5 otaqlı,280 m²,10/12 mərtəbə,Nizami m.,Bakı,bugün 13:35,2026-07-15 13:38:41.267518
250 614,2 otaqlı,81.9 m²,4/14 mərtəbə,Sea Breeze q.,Bakı,bugün 13:35,2026-07-15 13:38:41.267787
180 /gün,4 otaqlı,108 m²,,İsmayıllı,İsmayıllı,bugün 13:33,2026-07-15 13:38:41.268078
275 000,5 otaqlı,275 m²,,Albalılıq q.,Bakı,bugün 13:33,2026-07-15 13:38:41.268496
4 500 /ay,240 m²,,,Ağ şəhər q.,Bakı,bugün 13:31,2026-07-15 13:38:41.268841
495 000,4 otaqlı,141 m²,2/2 mərtəbə,Nizami m.,Bakı,bugün 13:31,2026-07-15 13:38:41.269210
500 /gün,6 otaqlı,700 m²,,Nardaran q.,Bakı,bugün 13:31,2026-07-15 13:38:41.269590
309 468,2 otaqlı,88.8 m²,8/24 mərtəbə,Nardaran q.,Bakı,bugün 13:30,2026-07-15 13:38:41.269973
340 000,12 sot,,,Şüvəlan q.,Bakı,bugün 13:30,2026-07-15 13:38:41.270318
360 000,2 otaqlı,65 m²,2/8 mərtəbə,Sea Breeze q.,Bakı,bugün 13:30,2026-07-15 13:38:41.270679
225 000,3 otaqlı,65 m²,2/3 mərtəbə,Nəsimi r.,Bakı,bugün 13:30,2026-07-15 13:38:41.271052
280 000,4 otaqlı,148.5 m²,1/6 mərtəbə,Həzi Aslanov m.,Bakı,bugün 13:29,2026-07-15 13:38:41.271470
4 500 /ay,200 m²,,,Gənclik m.,Bakı,bugün 13:28,2026-07-15 13:38:41.271820
825 000,3 otaqlı,135 m²,4/5 mərtəbə,Sea Breeze q.,Bakı,bugün 13:28,2026-07-15 13:38:41.272146
360 443,2 otaqlı,77.1 m²,1/9 mərtəbə,Sea Breeze q.,Bakı,bugün 13:28,2026-07-15 13:38:41.272484
670 000,200 m²,,,İnşaatçılar m.,Bakı,bugün 13:27,2026-07-15 13:38:41.272826
187 500,2 otaqlı,55 m²,3/3 mərtəbə,Sahil m.,Bakı,bugün 13:27,2026-07-15 13:38:41.273164
150 /gün,3 otaqlı,110 m²,,Mərdəkan q.,Bakı,bugün 13:26,2026-07-15 13:38:41.273521
800 /ay,2 otaqlı,58 m²,11/17 mərtəbə,Gənclik m.,Bakı,bugün 13:24,2026-07-15 13:38:41.273860
520 000,4 otaqlı,300 m²,,Mərdəkan q.,Bakı,bugün 13:23,2026-07-15 13:38:41.274228
175 000,36.5 m²,,,Abşeron r.,Bakı,bugün 13:37,2026-07-15 13:38:46.142218
205 000,40 m²,,,Xırdalan,Xırdalan,bugün 13:36,2026-07-15 13:38:46.142542
120 000,2 otaqlı,48 m²,15/15 mərtəbə,İnşaatçılar m.,Bakı,bugün 13:36,2026-07-15 13:38:46.142900
400 000,2 otaqlı,76 m²,5/6 mərtəbə,Nardaran q.,Bakı,bugün 13:35,2026-07-15 13:38:46.143182
1 400 000,5 otaqlı,280 m²,10/12 mərtəbə,Nizami m.,Bakı,bugün 13:35,2026-07-15 13:38:46.143508
250 614,2 otaqlı,81.9 m²,4/14 mərtəbə,Sea Breeze q.,Bakı,bugün 13:35,2026-07-15 13:38:46.144182
180 /gün,4 otaqlı,108 m²,,İsmayıllı,İsmayıllı,bugün 13:33,2026-07-15 13:38:46.145213
275 000,5 otaqlı,275 m²,,Albalılıq q.,Bakı,bugün 13:33,2026-07-15 13:38:46.145669
4 500 /ay,240 m²,,,Ağ şəhər q.,Bakı,bugün 13:31,2026-07-15 13:38:46.145955
495 000,4 otaqlı,141 m²,2/2 mərtəbə,Nizami m.,Bakı,bugün 13:31,2026-07-15 13:38:46.146296
500 /gün,6 otaqlı,700 m²,,Nardaran q.,Bakı,bugün 13:31,2026-07-15 13:38:46.146574
309 468,2 otaqlı,88.8 m²,8/24 mərtəbə,Nardaran q.,Bakı,bugün 13:30,2026-07-15 13:38:46.146863
340 000,12 sot,,,Şüvəlan q.,Bakı,bugün 13:30,2026-07-15 13:38:46.147119
360 000,2 otaqlı,65 m²,2/8 mərtəbə,Sea Breeze q.,Bakı,bugün 13:30,2026-07-15 13:38:46.147398
225 000,3 otaqlı,65 m²,2/3 mərtəbə,Nəsimi r.,Bakı,bugün 13:30,2026-07-15 13:38:46.147679
280 000,4 otaqlı,148.5 m²,1/6 mərtəbə,Həzi Aslanov m.,Bakı,bugün 13:29,2026-07-15 13:38:46.147957
4 500 /ay,200 m²,,,Gənclik m.,Bakı,bugün 13:28,2026-07-15 13:38:46.148234
825 000,3 otaqlı,135 m²,4/5 mərtəbə,Sea Breeze q.,Bakı,bugün 13:28,2026-07-15 13:38:46.148508
360 443,2 otaqlı,77.1 m²,1/9 mərtəbə,Sea Breeze q.,Bakı,bugün 13:28,2026-07-15 13:38:46.148749
670 000,200 m²,,,İnşaatçılar m.,Bakı,bugün 13:27,2026-07-15 13:38:46.149053
187 500,2 otaqlı,55 m²,3/3 mərtəbə,Sahil m.,Bakı,bugün 13:27,2026-07-15 13:38:46.149366
150 /gün,3 otaqlı,110 m²,,Mərdəkan q.,Bakı,bugün 13:26,2026-07-15 13:38:46.149641
800 /ay,2 otaqlı,58 m²,11/17 mərtəbə,Gənclik m.,Bakı,bugün 13:24,2026-07-15 13:38:46.149925
520 000,4 otaqlı,300 m²,,Mərdəkan q.,Bakı,bugün 13:23,2026-07-15 13:38:46.150211
175 000,36.5 m²,,,Abşeron r.,Bakı,bugün 13:37,2026-07-15 13:38:51.150193
205 000,40 m²,,,Xırdalan,Xırdalan,bugün 13:36,2026-07-15 13:38:51.150524
120 000,2 otaqlı,48 m²,15/15 mərtəbə,İnşaatçılar m.,Bakı,bugün 13:36,2026-07-15 13:38:51.150950
400 000,2 otaqlı,76 m²,5/6 mərtəbə,Nardaran q.,Bakı,bugün 13:35,2026-07-15 13:38:51.151281
1 400 000,5 otaqlı,280 m²,10/12 mərtəbə,Nizami m.,Bakı,bugün 13:35,2026-07-15 13:38:51.151711
250 614,2 otaqlı,81.9 m²,4/14 mərtəbə,Sea Breeze q.,Bakı,bugün 13:35,2026-07-15 13:38:51.152028
180 /gün,4 otaqlı,108 m²,,İsmayıllı,İsmayıllı,bugün 13:33,2026-07-15 13:38:51.152320
275 000,5 otaqlı,275 m²,,Albalılıq q.,Bakı,bugün 13:33,2026-07-15 13:38:51.152759
4 500 /ay,240 m²,,,Ağ şəhər q.,Bakı,bugün 13:31,2026-07-15 13:38:51.153055
495 000,4 otaqlı,141 m²,2/2 mərtəbə,Nizami m.,Bakı,bugün 13:31,2026-07-15 13:38:51.153427
500 /gün,6 otaqlı,700 m²,,Nardaran q.,Bakı,bugün 13:31,2026-07-15 13:38:51.154091
309 468,2 otaqlı,88.8 m²,8/24 mərtəbə,Nardaran q.,Bakı,bugün 13:30,2026-07-15 13:38:51.154569
340 000,12 sot,,,Şüvəlan q.,Bakı,bugün 13:30,2026-07-15 13:38:51.155130
360 000,2 otaqlı,65 m²,2/8 mərtəbə,Sea Breeze q.,Bakı,bugün 13:30,2026-07-15 13:38:51.155986
225 000,3 otaqlı,65 m²,2/3 mərtəbə,Nəsimi r.,Bakı,bugün 13:30,2026-07-15 13:38:51.156427
280 000,4 otaqlı,148.5 m²,1/6 mərtəbə,Həzi Aslanov m.,Bakı,bugün 13:29,2026-07-15 13:38:51.156736
4 500 /ay,200 m²,,,Gənclik m.,Bakı,bugün 13:28,2026-07-15 13:38:51.157013
825 000,3 otaqlı,135 m²,4/5 mərtəbə,Sea Breeze q.,Bakı,bugün 13:28,2026-07-15 13:38:51.157291
360 443,2 otaqlı,77.1 m²,1/9 mərtəbə,Sea Breeze q.,Bakı,bugün 13:28,2026-07-15 13:38:51.157545
670 000,200 m²,,,İnşaatçılar m.,Bakı,bugün 13:27,2026-07-15 13:38:51.157803
187 500,2 otaqlı,55 m²,3/3 mərtəbə,Sahil m.,Bakı,bugün 13:27,2026-07-15 13:38:51.158060
150 /gün,3 otaqlı,110 m²,,Mərdəkan q.,Bakı,bugün 13:26,2026-07-15 13:38:51.158315
800 /ay,2 otaqlı,58 m²,11/17 mərtəbə,Gənclik m.,Bakı,bugün 13:24,2026-07-15 13:38:51.158695
520 000,4 otaqlı,300 m²,,Mərdəkan q.,Bakı,bugün 13:23,2026-07-15 13:38:51.159006
175 000,36.5 m²,,,Abşeron r.,Bakı,bugün 13:37,2026-07-15 13:38:56.153589
205 000,40 m²,,,Xırdalan,Xırdalan,bugün 13:36,2026-07-15 13:38:56.153837
120 000,2 otaqlı,48 m²,15/15 mərtəbə,İnşaatçılar m.,Bakı,bugün 13:36,2026-07-15 13:38:56.154061
400 000,2 otaqlı,76 m²,5/6 mərtəbə,Nardaran q.,Bakı,bugün 13:35,2026-07-15 13:38:56.154269
1 400 000,5 otaqlı,280 m²,10/12 mərtəbə,Nizami m.,Bakı,bugün 13:35,2026-07-15 13:38:56.154504
250 614,2 otaqlı,81.9 m²,4/14 mərtəbə,Sea Breeze q.,Bakı,bugün 13:35,2026-07-15 13:38:56.154713
180 /gün,4 otaqlı,108 m²,,İsmayıllı,İsmayıllı,bugün 13:33,2026-07-15 13:38:56.154966
275 000,5 otaqlı,275 m²,,Albalılıq q.,Bakı,bugün 13:33,2026-07-15 13:38:56.155611
4 500 /ay,240 m²,,,Ağ şəhər q.,Bakı,bugün 13:31,2026-07-15 13:38:56.155916
495 000,4 otaqlı,141 m²,2/2 mərtəbə,Nizami m.,Bakı,bugün 13:31,2026-07-15 13:38:56.156516
500 /gün,6 otaqlı,700 m²,,Nardaran q.,Bakı,bugün 13:31,2026-07-15 13:38:56.156940
309 468,2 otaqlı,88.8 m²,8/24 mərtəbə,Nardaran q.,Bakı,bugün 13:30,2026-07-15 13:38:56.157387
340 000,12 sot,,,Şüvəlan q.,Bakı,bugün 13:30,2026-07-15 13:38:56.157832
360 000,2 otaqlı,65 m²,2/8 mərtəbə,Sea Breeze q.,Bakı,bugün 13:30,2026-07-15 13:38:56.158594
225 000,3 otaqlı,65 m²,2/3 mərtəbə,Nəsimi r.,Bakı,bugün 13:30,2026-07-15 13:38:56.159041
280 000,4 otaqlı,148.5 m²,1/6 mərtəbə,Həzi Aslanov m.,Bakı,bugün 13:29,2026-07-15 13:38:56.159659
4 500 /ay,200 m²,,,Gənclik m.,Bakı,bugün 13:28,2026-07-15 13:38:56.159967
825 000,3 otaqlı,135 m²,4/5 mərtəbə,Sea Breeze q.,Bakı,bugün 13:28,2026-07-15 13:38:56.160238
360 443,2 otaqlı,77.1 m²,1/9 mərtəbə,Sea Breeze q.,Bakı,bugün 13:28,2026-07-15 13:38:56.160504
670 000,200 m²,,,İnşaatçılar m.,Bakı,bugün 13:27,2026-07-15 13:38:56.160767
187 500,2 otaqlı,55 m²,3/3 mərtəbə,Sahil m.,Bakı,bugün 13:27,2026-07-15 13:38:56.161038
150 /gün,3 otaqlı,110 m²,,Mərdəkan q.,Bakı,bugün 13:26,2026-07-15 13:38:56.161428
800 /ay,2 otaqlı,58 m²,11/17 mərtəbə,Gənclik m.,Bakı,bugün 13:24,2026-07-15 13:38:56.161710
520 000,4 otaqlı,300 m²,,Mərdəkan q.,Bakı,bugün 13:23,2026-07-15 13:38:56.161968
175 000,36.5 m²,,,Abşeron r.,Bakı,bugün 13:37,2026-07-15 13:39:01.190605
205 000,40 m²,,,Xırdalan,Xırdalan,bugün 13:36,2026-07-15 13:39:01.190958
120 000,2 otaqlı,48 m²,15/15 mərtəbə,İnşaatçılar m.,Bakı,bugün 13:36,2026-07-15 13:39:01.191358
400 000,2 otaqlı,76 m²,5/6 mərtəbə,Nardaran q.,Bakı,bugün 13:35,2026-07-15 13:39:01.191791
1 400 000,5 otaqlı,280 m²,10/12 mərtəbə,Nizami m.,Bakı,bugün 13:35,2026-07-15 13:39:01.192220
250 614,2 otaqlı,81.9 m²,4/14 mərtəbə,Sea Breeze q.,Bakı,bugün 13:35,2026-07-15 13:39:01.192695
180 /gün,4 otaqlı,108 m²,,İsmayıllı,İsmayıllı,bugün 13:33,2026-07-15 13:39:01.193193
275 000,5 otaqlı,275 m²,,Albalılıq q.,Bakı,bugün 13:33,2026-07-15 13:39:01.193681
4 500 /ay,240 m²,,,Ağ şəhər q.,Bakı,bugün 13:31,2026-07-15 13:39:01.194149
495 000,4 otaqlı,141 m²,2/2 mərtəbə,Nizami m.,Bakı,bugün 13:31,2026-07-15 13:39:01.194590
500 /gün,6 otaqlı,700 m²,,Nardaran q.,Bakı,bugün 13:31,2026-07-15 13:39:01.195104
309 468,2 otaqlı,88.8 m²,8/24 mərtəbə,Nardaran q.,Bakı,bugün 13:30,2026-07-15 13:39:01.195588
340 000,12 sot,,,Şüvəlan q.,Bakı,bugün 13:30,2026-07-15 13:39:01.196134
360 000,2 otaqlı,65 m²,2/8 mərtəbə,Sea Breeze q.,Bakı,bugün 13:30,2026-07-15 13:39:01.196783
225 000,3 otaqlı,65 m²,2/3 mərtəbə,Nəsimi r.,Bakı,bugün 13:30,2026-07-15 13:39:01.197096
280 000,4 otaqlı,148.5 m²,1/6 mərtəbə,Həzi Aslanov m.,Bakı,bugün 13:29,2026-07-15 13:39:01.197397
4 500 /ay,200 m²,,,Gənclik m.,Bakı,bugün 13:28,2026-07-15 13:39:01.197672
825 000,3 otaqlı,135 m²,4/5 mərtəbə,Sea Breeze q.,Bakı,bugün 13:28,2026-07-15 13:39:01.197919
360 443,2 otaqlı,77.1 m²,1/9 mərtəbə,Sea Breeze q.,Bakı,bugün 13:28,2026-07-15 13:39:01.198151
670 000,200 m²,,,İnşaatçılar m.,Bakı,bugün 13:27,2026-07-15 13:39:01.198429
187 500,2 otaqlı,55 m²,3/3 mərtəbə,Sahil m.,Bakı,bugün 13:27,2026-07-15 13:39:01.198812
150 /gün,3 otaqlı,110 m²,,Mərdəkan q.,Bakı,bugün 13:26,2026-07-15 13:39:01.199215
800 /ay,2 otaqlı,58 m²,11/17 mərtəbə,Gənclik m.,Bakı,bugün 13:24,2026-07-15 13:39:01.199636
520 000,4 otaqlı,300 m²,,Mərdəkan q.,Bakı,bugün 13:23,2026-07-15 13:39:01.200252
175 000,36.5 m²,,,Abşeron r.,Bakı,bugün 13:37,2026-07-15 13:39:06.173408
205 000,40 m²,,,Xırdalan,Xırdalan,bugün 13:36,2026-07-15 13:39:06.173653
120 000,2 otaqlı,48 m²,15/15 mərtəbə,İnşaatçılar m.,Bakı,bugün 13:36,2026-07-15 13:39:06.173875
400 000,2 otaqlı,76 m²,5/6 mərtəbə,Nardaran q.,Bakı,bugün 13:35,2026-07-15 13:39:06.174085
1 400 000,5 otaqlı,280 m²,10/12 mərtəbə,Nizami m.,Bakı,bugün 13:35,2026-07-15 13:39:06.174308
250 614,2 otaqlı,81.9 m²,4/14 mərtəbə,Sea Breeze q.,Bakı,bugün 13:35,2026-07-15 13:39:06.174513
180 /gün,4 otaqlı,108 m²,,İsmayıllı,İsmayıllı,bugün 13:33,2026-07-15 13:39:06.174823
275 000,5 otaqlı,275 m²,,Albalılıq q.,Bakı,bugün 13:33,2026-07-15 13:39:06.175268
4 500 /ay,240 m²,,,Ağ şəhər q.,Bakı,bugün 13:31,2026-07-15 13:39:06.175755
495 000,4 otaqlı,141 m²,2/2 mərtəbə,Nizami m.,Bakı,bugün 13:31,2026-07-15 13:39:06.176175
500 /gün,6 otaqlı,700 m²,,Nardaran q.,Bakı,bugün 13:31,2026-07-15 13:39:06.176992
309 468,2 otaqlı,88.8 m²,8/24 mərtəbə,Nardaran q.,Bakı,bugün 13:30,2026-07-15 13:39:06.177283
340 000,12 sot,,,Şüvəlan q.,Bakı,bugün 13:30,2026-07-15 13:39:06.177548
360 000,2 otaqlı,65 m²,2/8 mərtəbə,Sea Breeze q.,Bakı,bugün 13:30,2026-07-15 13:39:06.177801
225 000,3 otaqlı,65 m²,2/3 mərtəbə,Nəsimi r.,Bakı,bugün 13:30,2026-07-15 13:39:06.178042
280 000,4 otaqlı,148.5 m²,1/6 mərtəbə,Həzi Aslanov m.,Bakı,bugün 13:29,2026-07-15 13:39:06.178311
4 500 /ay,200 m²,,,Gənclik m.,Bakı,bugün 13:28,2026-07-15 13:39:06.178688
825 000,3 otaqlı,135 m²,4/5 mərtəbə,Sea Breeze q.,Bakı,bugün 13:28,2026-07-15 13:39:06.179065
360 443,2 otaqlı,77.1 m²,1/9 mərtəbə,Sea Breeze q.,Bakı,bugün 13:28,2026-07-15 13:39:06.179459
670 000,200 m²,,,İnşaatçılar m.,Bakı,bugün 13:27,2026-07-15 13:39:06.179859
187 500,2 otaqlı,55 m²,3/3 mərtəbə,Sahil m.,Bakı,bugün 13:27,2026-07-15 13:39:06.180255
150 /gün,3 otaqlı,110 m²,,Mərdəkan q.,Bakı,bugün 13:26,2026-07-15 13:39:06.180649
800 /ay,2 otaqlı,58 m²,11/17 mərtəbə,Gənclik m.,Bakı,bugün 13:24,2026-07-15 13:39:06.181018
520 000,4 otaqlı,300 m²,,Mərdəkan q.,Bakı,bugün 13:23,2026-07-15 13:39:06.181431
